id,make,model,year,colour,fuel,vin
1,GMC,Yukon XL 1500,2013,Aquamarine,diesel,WVWAW7AH8BV074613
2,Scion,tC,2013,Mauv,petrol,5J6TF1H50FL289173
3,Nissan,Titan,2007,Orange,diesel,SCBZU25E11C791296
4,Mazda,626,2000,Red,diesel,SALME1D46AA658772
5,Lincoln,Town Car,2007,Pink,diesel,4A31K5DF2CE923773
6,Lexus,LX,2004,Fuscia,diesel,1G6AC1R3XF0642283
7,Chevrolet,Astro,2005,Orange,diesel,WAUSFAFL0AA394526
8,Lincoln,Town Car,2000,Crimson,diesel,SAJWJ0FF7F8588588
9,Dodge,Ram 3500,2002,Crimson,petrol,WAUPFBFM1BA609790
10,GMC,Acadia,2012,Turquoise,petrol,5N1AL0MMXEC230901
11,Honda,Insight,2004,Indigo,diesel,YV1902AH5C1084249
12,Lincoln,Town Car,1984,Indigo,diesel,3VW1K7AJ6BM362717
13,BMW,Z4,2011,Mauv,petrol,WA1WMAFE5DD142523
14,Oldsmobile,Bravada,1993,Indigo,diesel,5N1AA0ND3FN117298
15,Cadillac,Brougham,1992,Puce,diesel,JN1AZ4EH9EM732792
16,Audi,A4,2004,Turquoise,diesel,4T1BD1EB4DU271523
17,Dodge,Dakota Club,1993,Orange,diesel,JN1CV6APXAM701560
18,Chevrolet,Corvette,1963,Red,petrol,1D7RE2BK9BS840407
19,Mitsubishi,GTO,1998,Goldenrod,diesel,5YMGZ0C58DL691494
20,Ford,Fairlane,1967,Green,diesel,KMHHT6KD6BU198457
21,Audi,A4,2006,Fuscia,petrol,WVWED7AJ8CW782317
22,Nissan,370Z,2011,Purple,petrol,WBAPH7G57AN541629
23,Acura,RL,2005,Turquoise,diesel,WAUEH78E96A291461
24,Smart,Fortwo,2011,Orange,diesel,5N1AA0NC9BN803881
25,BMW,7 Series,2006,Orange,diesel,SAJWA6BC9F8625459
26,Nissan,NX,1992,Maroon,diesel,1GYS3AKJ2FR373938
27,Volkswagen,Golf,1988,Khaki,petrol,1G6KF57915U839666
28,Mercedes-Benz,300D,1992,Red,diesel,1GKKRNED5BJ865619
29,Mitsubishi,Montero,1994,Khaki,petrol,1D7CW3BK7AS822091
30,Toyota,4Runner,2012,Indigo,diesel,4T1BD1FK3DU764544
31,Chevrolet,Lumina,1992,Aquamarine,petrol,1G6KF549X2U974063
32,Porsche,Cayenne,2010,Khaki,diesel,3VWF17AT0FM053471
33,Honda,Element,2010,Pink,diesel,WAUUL98E56A862918
34,BMW,7 Series,1996,Fuscia,petrol,JA32U2FU3DU129186
35,Acura,CL,2002,Teal,diesel,WBA1F5C59EV984392
36,Cadillac,Eldorado,1995,Orange,diesel,TRUDD38J381062802
37,Pontiac,Firebird,1969,Blue,petrol,1G6KS54YX2U614858
38,Oldsmobile,Custom Cruiser,1992,Purple,petrol,WDDNG9FB1DA393446
39,Buick,Electra,1985,Indigo,diesel,19UUA9F29EA860249
40,Hillman,Minx Magnificent,1950,Purple,diesel,WDDHF7GB9EB395802
41,Mazda,B-Series Plus,1999,Teal,diesel,SCFFDCBD5CG535161
42,Volkswagen,Corrado,1993,Puce,petrol,WAUGGAFR2DA735842
43,Dodge,Ram 2500 Club,1998,Red,petrol,3D7TT2CT0BG653969
44,Saturn,VUE,2007,Aquamarine,petrol,JH4DC530X6S485115
45,Suzuki,SJ 410,1986,Violet,petrol,KNAFK4A60E5390863
46,Ford,Club Wagon,1998,Fuscia,petrol,WA1EV74L58D419951
47,Dodge,Ram 3500,2004,Blue,petrol,2C3CDXHG1FH402713
48,Lexus,ES,2005,Maroon,petrol,WBADS43473G720938
49,Honda,Prelude,1984,Purple,petrol,1G6DL5EV2A0931520
50,Kia,Sorento,2003,Pink,diesel,KMHD35LH7FU199035
51,Mazda,CX-9,2010,Green,diesel,3TMJU4GN1DM994727
52,Austin,Mini Cooper,1964,Green,petrol,5NPEB4AC3BH604681
53,Audi,5000S,1984,Fuscia,petrol,SCFEBBAK4EG192955
54,Maserati,Spyder,2003,Pink,petrol,JN8AZ2KR7BT923325
55,Porsche,914,1970,Teal,petrol,JN1CV6AP7BM133799
56,Acura,NSX,1999,Teal,petrol,1G6AB5SX8D0725568
57,Mercury,Grand Marquis,1989,Teal,petrol,WBAPK5C53BF046514
58,Pontiac,Bonneville,1998,Blue,diesel,WAUHFAFL5CA384023
59,Dodge,Ram 1500,1998,Pink,petrol,4USBU335X8L007161
60,Volkswagen,Eos,2012,Purple,petrol,19UYA42673A670654
61,Ford,F-Series,2007,Goldenrod,diesel,WBANV93568C367639
62,BMW,525,2005,Maroon,petrol,KNAFU6A27A5880861
63,Mercedes-Benz,S-Class,2000,Fuscia,petrol,1G6DT57VX90265063
64,Bentley,Azure,2009,Mauv,diesel,WAUUL98E28A248959
65,Cadillac,Escalade ESV,2007,Goldenrod,petrol,WBAWV135X8P199664
66,Volkswagen,Jetta,2006,Orange,diesel,WAUVC58E85A319722
67,GMC,Yukon,1993,Maroon,diesel,WBSKG9C54BE113738
68,Chevrolet,Camaro,1994,Blue,petrol,3VWKZ7AJ3BM886259
69,Saab,9000,1994,Red,diesel,2G61M5S33F9026588
70,Geo,Prizm,1997,Violet,petrol,1GYUCHEF9AR425454
71,Isuzu,i-370,2007,Green,petrol,WA1VFAFL7EA190435
72,Chevrolet,Suburban 2500,2000,Maroon,petrol,5N1AR2MM5FC379907
73,Jaguar,XJ Series,2005,Yellow,petrol,WAUSF98E08A989061
74,Nissan,GT-R,2009,Maroon,petrol,3GYFK66N24G474814
75,Cadillac,Fleetwood,1995,Red,petrol,WAUHFAFL7DA010420
76,Acura,RSX,2004,Pink,diesel,1G6AD5S32E0047926
77,Hyundai,Sonata,1998,Yellow,diesel,WBAHN03527D587619
78,Cadillac,Escalade,2000,Khaki,petrol,WAUWMAFC6FN661031
79,Toyota,4Runner,2003,Puce,diesel,WAUDF98E05A007324
80,Dodge,Ram Van 2500,1995,Purple,diesel,3D4PH6FG5BT140438
81,Lexus,GS,1998,Mauv,diesel,WAUWGAFC3FN394356
82,Hyundai,Sonata,2008,Red,diesel,1FTEX1CW3AK175823
83,Mercedes-Benz,SL-Class,1991,Yellow,diesel,1N6AF0KY1FN244173
84,Chrysler,Sebring,1996,Blue,diesel,19UUA8F23CA940332
85,Volkswagen,Tiguan,2011,Violet,diesel,1D7RV1CT5BS981928
86,Toyota,Land Cruiser,1997,Khaki,diesel,WP1AA2A24BL330105
87,Geo,Tracker,1993,Puce,petrol,4T1BB3EK7BU885609
88,Pontiac,6000,1991,Maroon,petrol,WAUAC48H63K316845
89,Kia,Sorento,2006,Violet,diesel,WBANW13519C959689
90,Land Rover,Range Rover,2002,Orange,diesel,2C3CDXGJ1FH134940
91,Infiniti,QX,1997,Khaki,diesel,1N6AA0CA2EN006993
92,Acura,MDX,2009,Mauv,petrol,WAUDT94F85N507327
93,Cadillac,Escalade EXT,2012,Green,petrol,1GYS3KEF4DR598274
94,BMW,M5,2008,Purple,petrol,1C4RJEAG0DC595238
95,GMC,Sierra 1500,2010,Orange,petrol,5TFAW5F13FX222533
96,Chevrolet,Cobalt,2010,Crimson,diesel,1FTSW3B58AE709097
97,Pontiac,Bonneville,1989,Teal,diesel,JM1NC2MF0E0082861
98,BMW,X5,2005,Puce,diesel,5FNYF3H46FB621330
99,Jeep,Wrangler,1992,Mauv,diesel,3LNHL2GC4AR908857
100,Nissan,Sentra,1991,Maroon,petrol,WBAUN7C50DV886894
101,Nissan,240SX,1993,Orange,diesel,JN8AZ1FY3CW145634
102,Chevrolet,Blazer,2005,Goldenrod,diesel,2B3CA2CV0AH695978
103,Chevrolet,Lumina,1997,Purple,petrol,JTEBU5JR1A5852039
104,Ford,GT500,2007,Khaki,diesel,WAUDH78EX8A358745
105,Mercedes-Benz,C-Class,1998,Mauv,diesel,JN8AF5MR6CT249869
106,Hyundai,Santa Fe,2011,Yellow,petrol,WA1BY74L77D006406
107,Aston Martin,Vantage,2009,Yellow,diesel,1FTWX3A51AE374460
108,GMC,Acadia,2012,Pink,petrol,WAUEF78E48A634265
109,Honda,CR-Z,2012,Violet,diesel,5UXFG4C56AL081248
110,Ford,Taurus,1987,Red,petrol,JN1AZ4EH0CM714064
111,Ferrari,430 Scuderia,2009,Mauv,diesel,5GAKVBED7BJ651058
112,Ford,E-Series,2012,Yellow,petrol,WAU4FAFR7DA478439
113,Cadillac,Seville,2003,Indigo,petrol,1C6RD7FP1CS341772
114,Isuzu,Hombre,1996,Turquoise,petrol,WAUKD98P16A798284
115,Chevrolet,Caprice Classic,1993,Pink,diesel,3C6TD5KT1CG862849
116,Buick,LeSabre,1987,Pink,diesel,3C4PDCBBXDT556490
117,Volkswagen,Eurovan,2000,Orange,diesel,1D7RB1GK8BS759930
118,Mercury,Villager,2000,Pink,petrol,4T1BF3EK2BU188062
119,MINI,Cooper,2008,Goldenrod,petrol,1GYFC66858R688970
120,Subaru,Tribeca,2012,Aquamarine,diesel,1D4PU7GX9AW078678
121,Buick,LaCrosse,2008,Aquamarine,diesel,JN8AE2KP3B9546418
122,Mitsubishi,Endeavor,2004,Pink,petrol,YV4902DZ0B2169709
123,Chevrolet,Camaro,1985,Purple,diesel,JN8AE2KP7B9961063
124,Ford,F150,2002,Teal,petrol,SCFAD02E29G417630
125,Plymouth,Reliant,1981,Aquamarine,diesel,1FTNF2A53AE686059
126,Subaru,SVX,1995,Teal,diesel,1FMHK7B82BG262789
127,Audi,Q7,2009,Green,petrol,WBADR63413G041500
128,Acura,MDX,2003,Pink,petrol,WAUFEAFM7BA212688
129,Toyota,Sienna,2012,Mauv,petrol,JHMZE2H58DS166148
130,Subaru,Legacy,2001,Goldenrod,petrol,WVGAV7AX7CW077584
131,Ford,Courier,1987,Indigo,petrol,WVGAV3AX5EW341462
132,Lincoln,Town Car,1990,Red,diesel,2HNYD182X3H675769
133,Lamborghini,Gallardo,2008,Indigo,diesel,WBAPK73539A144834
134,Mitsubishi,Mirage,1995,Green,petrol,YV4902NC4F1655929
135,Ford,E150,2011,Yellow,petrol,WBAKB83599C806775
136,Lincoln,Mark VIII,1996,Crimson,diesel,KM8JT3AB7DU709628
137,Acura,NSX,1997,Turquoise,petrol,JN8AZ1MU1CW736481
138,Mercedes-Benz,CLK-Class,2003,Khaki,diesel,WBAVA33527P889961
139,Oldsmobile,Aurora,1996,Yellow,diesel,WAUKH98E17A598204
140,Cadillac,Eldorado,1993,Purple,petrol,2C3CDYCJ6CH726311
141,Chevrolet,Tracker,2000,Yellow,diesel,JH4DC53855S534953
142,Pontiac,Grand Am,1994,Maroon,petrol,WA1BV94L67D162750
143,Buick,Skyhawk,1988,Purple,petrol,VNKKTUD36FA517745
144,Dodge,D250,1993,Green,petrol,WAURVAFDXCN143566
145,Toyota,4Runner,2003,Indigo,petrol,SCBCR7ZA8AC814424
146,Citroën,CX,1989,Turquoise,petrol,1G6DE8EY4B0208890
147,Cadillac,Escalade EXT,2008,Aquamarine,diesel,5TFAW5F1XFX411650
148,Suzuki,Reno,2005,Indigo,diesel,WBAAW33471E813145
149,Ford,Taurus,1999,Blue,petrol,WBAEP33474P790909
150,Pontiac,Firefly,1990,Red,diesel,2HKRM3H38FH584607
151,Ford,Fusion,2009,Goldenrod,diesel,1N6AD0CU4DN390016
152,Lexus,LX,2000,Indigo,diesel,WBA3B3C54EJ497035
153,Toyota,MR2,1987,Turquoise,petrol,WAULT58E05A976019
154,Ford,Transit Connect,2010,Violet,petrol,WA1BY74L39D910109
155,Mitsubishi,Pajero,1987,Puce,diesel,1C3BC7EGXBN296802
156,Ford,Aspire,1996,Blue,petrol,WAUDH98E47A985984
157,Maserati,Gran Sport,2005,Indigo,petrol,WBA3N5C5XFK164787
158,Volvo,V70,1999,Blue,diesel,1GYEC63848R972350
159,GMC,Savana 2500,2002,Aquamarine,petrol,SAJWA4DC0CM268158
160,Volkswagen,Rabbit,2010,Turquoise,petrol,KL4CJFSB4EB240881
161,Subaru,Justy,1988,Goldenrod,diesel,SALWR2TF4FA467042
162,Toyota,Avalon,2009,Indigo,petrol,5UXWX7C54CL331946
163,Mercedes-Benz,400E,1992,Goldenrod,petrol,WDCYC7DF7FX939626
164,Bentley,Azure,2007,Crimson,diesel,2D4RN5D12AR898622
165,Volvo,S40,2005,Turquoise,petrol,4A31K5DF8CE504858
166,Aston Martin,Vantage,2008,Yellow,diesel,JTEBU5JRXD5390245
167,Dodge,Ram Van 1500,2003,Teal,petrol,WAUUL58E05A182786
168,GMC,Suburban 1500,1993,Teal,petrol,19XFB4F23FE096713
169,Subaru,Outback,2005,Orange,petrol,SCBLC47J27C837712
170,Nissan,Stanza,1992,Green,diesel,JTJBJRBZ1F2811158
171,Chevrolet,Suburban 2500,1999,Purple,diesel,WVGFF9BP2BD267350
172,BMW,Z4,2009,Teal,diesel,19UUA75578A361048
173,Toyota,4Runner,2011,Orange,petrol,4USBU335X7L785393
174,Kia,Mohave/Borrego,2009,Green,diesel,1GYS4GKJ3FR695245
175,Ford,Fusion,2012,Green,petrol,1FTEW1C84AK953485
176,Mitsubishi,Mirage,2002,Indigo,diesel,5GADS13S072232323
177,GMC,Yukon XL 2500,2011,Goldenrod,petrol,WAU3FAFR1DA930624
178,Jeep,Grand Cherokee,2009,Crimson,diesel,1GKKRNED1BJ985319
179,Mercedes-Benz,SL-Class,1992,Violet,diesel,JH4KA96623C345313
180,Mercedes-Benz,C-Class,2005,Orange,petrol,1GKS1AEC6FR800146
181,Mercedes-Benz,W201,1986,Maroon,diesel,JN1AJ0HP7AM446372
182,Buick,Reatta,1989,Maroon,petrol,5N1AA0NC1AN338284
183,Buick,Skylark,1986,Mauv,diesel,1G6DD67V480778861
184,Jaguar,S-Type,2008,Violet,petrol,WBANB33555B314082
185,Nissan,Maxima,1992,Yellow,diesel,JN1CV6EK4FM414107
186,Dodge,Ram 1500 Club,1999,Pink,diesel,WA1DGBFE1DD025798
187,Pontiac,Bonneville,1989,Orange,diesel,1FMCU0F73DU916913
188,Lexus,RX,2003,Crimson,diesel,5XYKT3A17CG688764
189,Ford,Tempo,1994,Indigo,diesel,WBAVB13596K288043
190,Mercedes-Benz,SLS AMG,2011,Green,diesel,1D4PT7GX6AW554436
191,Audi,5000S,1988,Maroon,petrol,WAUBFBFL4AN417885
192,Ford,Club Wagon,1994,Violet,diesel,3C6TD5GT0CG194101
193,Hyundai,Sonata,2004,Purple,petrol,1G4GL5E33DF314584
194,Lamborghini,Reventón,2008,Blue,diesel,WAUWFAFH6BN214313
195,Ford,Courier,1988,Orange,petrol,WBANA73504B668262
196,Daewoo,Lanos,2000,Aquamarine,petrol,3C6TD5JT0CG927286
197,Lexus,GS,1993,Indigo,petrol,5NPDH4AE8BH146888
198,Toyota,Tercel,1995,Pink,diesel,WBAPH7C57AA187236
199,Mercury,Grand Marquis,1996,Mauv,petrol,SCFFDAAM4DG499230
200,Kia,Forte,2012,Puce,diesel,WA1CGAFPXFA773543
201,Suzuki,XL-7,2001,Yellow,petrol,WAULT68E45A716809
202,Audi,A8,2010,Puce,diesel,WAUKF68E65A622045
203,Saab,9-3,2004,Violet,petrol,3C6TD5NT3CG022731
204,Honda,Civic,1980,Aquamarine,petrol,WBAGJ03491D938760
205,Pontiac,Grand Prix,1983,Red,diesel,3C6TD4DT9CG500825
206,Toyota,4Runner,1994,Khaki,petrol,1GYUKJEF2AR829139
207,Jeep,Liberty,2011,Aquamarine,petrol,TRUUT28N231596253
208,Chevrolet,Camaro,1976,Turquoise,diesel,KNAGM4AD2C5888430
209,Maserati,Quattroporte,2012,Goldenrod,diesel,WBAVA33598P420917
210,Dodge,Sprinter,2009,Puce,diesel,2G4GL5EX4F9994574
211,Buick,Regal,1985,Khaki,petrol,WBABS53422J799336
212,Ford,Freestar,2006,Mauv,petrol,1G6KD57YX8U543191
213,Volkswagen,GTI,2000,Purple,petrol,1G6KF57985U036806
214,Mercury,Mountaineer,2002,Blue,diesel,1GD01XEG1FZ511003
215,Infiniti,M,2010,Turquoise,diesel,WBAYA8C51ED020535
216,Rolls-Royce,Phantom,2013,Maroon,petrol,WBXPA93495W213941
217,Toyota,Avalon,2006,Fuscia,diesel,JN1BV7AP4FM384948
218,Lexus,GX,2003,Purple,diesel,1N6AD0CU6AC534382
219,Mercedes-Benz,SLK-Class,2005,Goldenrod,petrol,1G4PS5SK1C4939168
220,Saab,9-3,2010,Aquamarine,diesel,3D7LP2ET4AG251758
221,Isuzu,Hombre,2000,Purple,petrol,5N1AR2MM8DC589365
222,Chrysler,Grand Voyager,2000,Blue,petrol,4T1BF1FK6DU296478
223,Mitsubishi,Galant,1997,Red,petrol,WBANV13528C634602
224,Fillmore,Fillmore,1960,Indigo,diesel,2FMHK6DCXAB081487
225,Ford,Explorer,1993,Fuscia,petrol,SALFR2BN8BH520352
226,Volkswagen,GTI,1990,Blue,petrol,WBAKB0C53CC116125
227,Dodge,Ram 1500,1999,Puce,diesel,1N6AA0EJ2FN210062
228,Ford,E-Series,1987,Red,petrol,5UXZV8C5XBL879764
229,Hyundai,Scoupe,1992,Orange,petrol,JN8AZ2KR4ET109363
230,Chrysler,300,2005,Khaki,diesel,1D7RE5GK5BS847526
231,Porsche,Cayman,2010,Khaki,petrol,WBAPK7C52AA394506
232,Nissan,Pathfinder,1996,Orange,petrol,JTHFE2C21D2168307
233,Ford,F150,1999,Crimson,petrol,19UUA66265A104599
234,Chrysler,Concorde,1996,Fuscia,petrol,5UXFH0C54BL893123
235,Porsche,944,1987,Yellow,diesel,WAUVC68E13A685606
236,Lotus,Esprit,1988,Goldenrod,diesel,1N6AA0CJ0DN971916
237,Buick,Skyhawk,1987,Indigo,diesel,WAUEFAFL2CA809457
238,Pontiac,6000,1984,Red,diesel,2G4GT5GV5D9726626
239,Honda,S2000,2003,Indigo,diesel,WBAYF8C54ED966968
240,Nissan,GT-R,2013,Crimson,petrol,4USDU53528L280423
241,BMW,760,2005,Pink,diesel,1G6YV34A455477763
242,Dodge,Ram Van B150,1992,Goldenrod,diesel,WAUAFAFH1BN265860
243,BMW,X5,2004,Red,petrol,1FTEX1CM7BF501745
244,Nissan,Armada,2008,Khaki,petrol,WBASP2C59DC614215
245,Mitsubishi,Tundra,2009,Mauv,diesel,3D73M4HL5BG523851
246,Cadillac,Seville,1998,Khaki,diesel,WAUDH78EX7A495859
247,Lincoln,Navigator,2011,Blue,diesel,1C4NJPBA8FD582397
248,Lexus,CT,2011,Violet,diesel,1D7RB1GP1AS816172
249,Mazda,Miata MX-5,2003,Purple,petrol,KNAGM4AD1D5506938
250,Mitsubishi,Pajero,1999,Mauv,petrol,1G6DL67A490579231
251,Saturn,Relay,2007,Yellow,petrol,WAUDFAFC8CN699969
252,Infiniti,G,1993,Turquoise,diesel,WBAKX6C52CC210906
253,Pontiac,Grand Prix,1995,Crimson,diesel,WBALW7C51CC113127
254,Volvo,S40,2003,Violet,petrol,WBXPA73474W771421
255,Bentley,Continental,2009,Turquoise,diesel,3LNDL2L30BR301053
256,BMW,530,2004,Orange,diesel,WAULT58E33A796336
257,Toyota,Land Cruiser,1994,Aquamarine,diesel,WAUFGBFC7DN770883
258,Toyota,Camry,2008,Violet,petrol,3C4PDCGB5ET798887
259,Ford,Five Hundred,2007,Yellow,diesel,WAULD54B72N714141
260,Mitsubishi,Endeavor,2009,Purple,diesel,1FMJU1H50AE320382
261,Chevrolet,Avalanche,2008,Blue,diesel,1G6AA5RA2E0479767
262,Mazda,MX-5,1997,Fuscia,petrol,JA32X8HW7AU659794
263,Mazda,Mazda6 Sport,2006,Blue,petrol,WBAKF9C58BE310936
264,Saturn,Ion,2005,Green,diesel,1N6AF0KY1FN183309
265,Buick,Century,1985,Purple,diesel,SAJWA4GC0EM778251
266,Hyundai,Genesis,2011,Violet,diesel,WP1AA2A22DL223363
267,Mazda,B-Series Plus,1999,Mauv,petrol,19UYA42793A478399
268,Jeep,Wrangler,1994,Puce,diesel,1G4HC5EMXAU211960
269,Ford,Torino,1970,Turquoise,petrol,1YVHZ8BAXA5158096
270,Toyota,Yaris,2006,Green,petrol,3VW4A7AT7DM735929
271,Cadillac,CTS-V,2012,Indigo,diesel,WAULC68E25A449833
272,Honda,Prelude,2000,Red,diesel,WAULD64B04N627352
273,Mitsubishi,RVR,1994,Violet,diesel,5GAKVAED3BJ962688
274,Dodge,Durango,2008,Khaki,petrol,1N6AA0EC7DN621374
275,Toyota,MR2,2000,Orange,petrol,1D7CW5GK9AS159871
276,Mazda,B-Series,1987,Mauv,petrol,1G4GC5G3XFF429358
277,Nissan,Quest,2009,Red,petrol,WVGFG9BP3BD126638
278,Mercury,Tracer,1988,Goldenrod,petrol,1FTEW1E82AF728004
279,Bentley,Azure,2006,Purple,diesel,1FTWX3B57AE986452
280,Kia,Forte,2012,Green,petrol,2LMDJ6JK8FB031327
281,Dodge,D150,1993,Maroon,petrol,3C4PDCBB4FT666311
282,Panoz,Esperante,2006,Pink,petrol,JH4CL95995C379634
283,Lexus,LS,2002,Indigo,petrol,JTHBE5C20A2855872
284,Honda,CR-V,2006,Mauv,diesel,1N6AF0LYXFN736666
285,Toyota,Tacoma,2006,Crimson,petrol,SCBGT3ZA4DC156424
286,Buick,Park Avenue,1991,Crimson,diesel,TRUWC28N711695303
287,Porsche,Cayman,2010,Puce,diesel,WBALM5C53BE366608
288,Chevrolet,Corvette,1959,Maroon,petrol,WBAWB73577P136600
289,Volvo,C70,2002,Purple,petrol,4T1BK1EB2EU159469
290,GMC,Rally Wagon 1500,1992,Mauv,diesel,SALVP2BG9FH085463
291,Chevrolet,Avalanche,2007,Aquamarine,diesel,1FTEX1CM5BF387762
292,Mazda,B2600,1987,Aquamarine,petrol,1G6YV36AX75505503
293,Subaru,Impreza,1997,Orange,petrol,WBAUT9C56BA733054
294,Ford,Th!nk,2002,Indigo,petrol,WP0CB2A8XFS961936
295,Hyundai,Sonata,2011,Orange,diesel,WBA3B9C59DJ611273
296,Mitsubishi,Galant,1992,Yellow,diesel,1C3CC4FB8AN314492
297,Spyker,C8,2007,Maroon,diesel,SCBLC47J08C556364
298,Porsche,944,1985,Pink,diesel,3N1CN7AP0EL232940
299,Chevrolet,TrailBlazer,2009,Orange,petrol,3GYFNKE66BS956271
300,Acura,MDX,2003,Yellow,diesel,1G6AB5RX8D0044851
301,Volkswagen,Passat,2000,Yellow,petrol,1GYS3BEF3ER231139
302,Ford,Escort,1999,Maroon,petrol,5FPYK1F55EB458784
303,Pontiac,G5,2009,Fuscia,diesel,TRUWT28NX11180036
304,Mazda,Miata MX-5,2002,Violet,diesel,YV4612HK6F1599222
305,Audi,100,1992,Teal,diesel,1FTEW1CM5DF474910
306,Cadillac,CTS-V,2012,Red,petrol,WAUHFBFL9CN418396
307,Mitsubishi,Montero Sport,1997,Crimson,petrol,2C3CCAGG1DH776513
308,Suzuki,Forenza,2004,Mauv,petrol,JN8AZ2KR7ET606200
309,Subaru,Outback,2007,Violet,petrol,WAUFFBFL8DN387702
310,Nissan,Quest,1999,Turquoise,petrol,1VWAS7A37FC639111
311,Cadillac,XLR,2009,Orange,petrol,WAUKH78E28A600855
312,BMW,Z4,2011,Maroon,petrol,WP0AB2A85FK511778
313,Chevrolet,Monte Carlo,2007,Maroon,petrol,JM1NC2MF3E0801889
314,Volkswagen,Cabriolet,1995,Aquamarine,petrol,WBAVB33566K343107
315,Ford,Explorer,1999,Pink,diesel,1GYS4AKJ6FR095512
316,Audi,S6,2007,Maroon,petrol,2LMDJ6JK6CB600879
317,Ford,E-Series,1996,Purple,petrol,WVGAV7AX3CW935682
318,Plymouth,Roadrunner,1969,Violet,petrol,1G6KP5E93AU466818
319,Suzuki,SJ,1985,Violet,petrol,19UYA42793A249480
320,Ford,Aerostar,1997,Puce,petrol,WDDGF5EB9BR214333
321,Acura,Integra,1997,Indigo,petrol,1G6AU5S8XF0046892
322,Mercedes-Benz,C-Class,2008,Orange,diesel,5YMGZ0C51CL996754
323,Buick,Park Avenue,2003,Mauv,diesel,WAUDFAFL6AA780571
324,Toyota,Xtra,1993,Purple,diesel,WAUVC68E75A781176
325,GMC,Canyon,2012,Khaki,petrol,JN8BS1MWXDM497763
326,Pontiac,Gemini,1986,Crimson,petrol,2GKALMEK1F6936582
327,Chevrolet,Equinox,2010,Violet,petrol,JM1GJ1T60F1322898
328,Kia,Spectra,2007,Violet,petrol,WBA5M2C53ED575249
329,Kia,Soul,2011,Mauv,diesel,1C4RDHAG6EC810325
330,MINI,Cooper,2012,Blue,petrol,1D7CW3GKXAS344855
331,Toyota,Sequoia,2010,Mauv,petrol,TRURD38J081786677
332,Chrysler,New Yorker,1992,Violet,petrol,3D7TP2CT0AG275770
333,Buick,Rainier,2006,Blue,petrol,WAUEL74F16N082009
334,Lexus,RX,1999,Green,petrol,2T1KE4EE9CC148941
335,Jeep,Compass,2008,Orange,petrol,2T1BU4EE5DC674312
336,Mazda,Millenia,1998,Crimson,petrol,1FMJK1H56DE915392
337,Isuzu,Ascender,2008,Mauv,petrol,3GYT4LEF0CG874665
338,Mercury,Cougar,1996,Indigo,petrol,5BZAF0AA3FN971628
339,Dodge,Ram 1500,2004,Green,diesel,3VW4S7AT3EM368820
340,Mercedes-Benz,SLK-Class,2010,Maroon,petrol,2G4WS52J521281920
341,Chevrolet,Lumina,1999,Fuscia,diesel,1G6KD57Y66U290822
342,Suzuki,Daewoo Magnus,2004,Pink,diesel,WAUWFAFH4EN278094
343,Chevrolet,TrailBlazer,2008,Aquamarine,petrol,1G6DH577480077415
344,Chevrolet,Monte Carlo,1997,Maroon,petrol,WA1BV74LX8D074855
345,Dodge,Intrepid,1999,Maroon,diesel,4T3BA3BB7FU326260
346,Saturn,Outlook,2007,Puce,petrol,WA1CYBFE6AD214029
347,Mitsubishi,Pajero,1990,Fuscia,petrol,1GYS4AEF7DR908201
348,Buick,Electra,1985,Blue,petrol,WBAAW33471E770331
349,Saab,9000,1990,Fuscia,petrol,3N1AB7AP4FY157048
350,Dodge,Ram Van 3500,1999,Goldenrod,diesel,1G6AK5S32D0321758
351,Lincoln,Continental Mark VII,1987,Mauv,diesel,3C6TD5MT6CG764154
352,Pontiac,Grand Prix,1969,Yellow,diesel,WBA3B3C51DF014604
353,Infiniti,Q,2005,Pink,diesel,WAULFAFH9AN788101
354,Subaru,Impreza,2000,Green,petrol,1GD12ZCG3BF695694
355,Mercedes-Benz,SL-Class,2012,Khaki,diesel,WAUML44E85N131397
356,Oldsmobile,Cutlass Cruiser,1994,Indigo,diesel,WBA3R5C53EK784934
357,Mercedes-Benz,SL-Class,1993,Pink,petrol,1G6AB5R36E0285581
358,Honda,CR-V,2008,Red,diesel,WAUHF68P16A936764
359,Ford,F-Series,1996,Orange,petrol,5UXFE43517L516806
360,Mercedes-Benz,C-Class,2005,Teal,petrol,5N1AA0NC2BN073988
361,Jaguar,XF,2009,Maroon,petrol,SCFEDCAD2CG926541
362,Chrysler,Pacifica,2004,Fuscia,petrol,2G4WS52J211147915
363,Toyota,Camry,2000,Orange,petrol,JM3KE2BE0F0627294
364,Mazda,Protege,1992,Turquoise,petrol,WUARL48H44K744424
365,Buick,Century,1994,Crimson,petrol,WAULV94E48N156904
366,Jaguar,XK,2006,Indigo,diesel,2HNYD18736H856731
367,Mercury,Villager,1997,Violet,diesel,KMHEC4A44DA284038
368,Pontiac,G6,2007,Khaki,diesel,1D7RV1CP9BS318574
369,Volkswagen,Jetta,2005,Green,diesel,WP0AB2A81CU393163
370,Mercury,Sable,1995,Goldenrod,petrol,WBANE73526C260315
371,Austin,Mini Cooper,1964,Goldenrod,diesel,1G6KS54Y61U354196
372,Toyota,Highlander,2005,Purple,diesel,JH4CL95948C257879
373,Mazda,Mazda6,2005,Yellow,petrol,3TMJU4GN1CM230598
374,Pontiac,Grand Prix,1968,Violet,diesel,WAUGF98K59A802183
375,Hyundai,Sonata,2011,Purple,diesel,JH4DB76591S935898
376,Lamborghini,Gallardo,2012,Violet,diesel,SALSF2D43CA164060
377,Acura,Legend,1987,Red,petrol,5XYZG3AB6BG298460
378,Hyundai,Tiburon,1998,Aquamarine,diesel,2C4RDGAG0CR292386
379,Audi,S4,1992,Goldenrod,petrol,WBSBL934X4J923663
380,Honda,Ridgeline,2010,Khaki,diesel,4JGBF2FE5CA354743
381,Audi,A8,1999,Red,diesel,2G4WS52J111565740
382,Mercedes-Benz,CLK-Class,2005,Aquamarine,diesel,WBADW3C51DJ739464
383,Audi,riolet,1996,Red,petrol,SCBLF34FX3C953591
384,Cadillac,Catera,1998,Turquoise,petrol,1D7CW3BK5AS341868
385,Porsche,911,2003,Khaki,petrol,1N6AA0CC4EN188441
386,Mitsubishi,Montero,1994,Khaki,petrol,2G4GS5EC5B9642310
387,BMW,Z3,2002,Aquamarine,petrol,JH4CU4F65DC102689
388,Volvo,S80,2009,Mauv,diesel,WUADUAFG2EN901030
389,Jeep,Grand Cherokee,1994,Turquoise,petrol,1C4PJLAB6FW879054
390,Pontiac,Torrent,2007,Aquamarine,petrol,WAUKFAFL7EN792704
391,Land Rover,Range Rover,2008,Maroon,petrol,1N6AF0KX8FN357514
392,Mazda,B-Series,1993,Fuscia,diesel,5FPYK1F45DB628745
393,Ford,F250,1998,Teal,petrol,1G6AB5S3XE0379831
394,Mitsubishi,Montero,1999,Puce,diesel,5GADT13S572565694
395,Lexus,LX,2009,Orange,petrol,1B3BD4FB1BN709279
396,Toyota,Prius,2005,Pink,diesel,5FRYD4H97GB921093
397,Maybach,57,2006,Aquamarine,diesel,JTHDU1EF3D5829841
398,MINI,Cooper Clubman,2008,Mauv,diesel,1G6KE57Y43U691133
399,Buick,Skylark,1996,Khaki,diesel,3VW507AT3FM185378
400,Kia,Rio,2009,Violet,petrol,WBAEW53473P781334
401,Land Rover,Range Rover,1996,Indigo,petrol,5GADT13S862158080
402,Infiniti,FX,2011,Crimson,diesel,WA1YD64B04N734128
403,GMC,Savana 1500,2005,Mauv,petrol,JM1GJ1T59E1489542
404,Ford,GT500,2007,Orange,petrol,WAUWGAFC1EN436859
405,Jaguar,XJ,2012,Fuscia,petrol,SCFFDABM8EG865707
406,Acura,MDX,2005,Yellow,diesel,1G6DC8E54C0063069
407,Chevrolet,Monte Carlo,1997,Indigo,diesel,JTHFE2C22A2810321
408,Infiniti,G,1999,Turquoise,diesel,1C4SDHCT8CC938106
409,Chevrolet,2500,1997,Aquamarine,diesel,1NXBU4EE8AZ723898
410,Porsche,911,2001,Blue,petrol,WBAFZ9C57CC115626
411,Nissan,Sentra,2007,Goldenrod,petrol,JHMZF1D43FS852458
412,Mercury,Capri,1985,Aquamarine,diesel,WAUVT58E34A538263
413,Mercury,Grand Marquis,2001,Pink,petrol,4T1BF3EK0BU367264
414,Pontiac,Grand Prix,1966,Blue,diesel,5J6TF1H38AL488074
415,Dodge,Caliber,2011,Pink,petrol,WAUDFAFC9CN849927
416,Toyota,Supra,1998,Purple,petrol,4T1BD1EB4FU255437
417,Lincoln,Navigator L,2012,Maroon,diesel,1G4CU541744957303
418,Bentley,Mulsanne,2011,Maroon,diesel,1D7RW5GK2BS255658
419,Toyota,RAV4,2005,Turquoise,diesel,JN8AZ2KR6BT607320
420,Kia,Rio5,2008,Green,diesel,2C3CDXHG9FH323340
421,Lexus,LS,1992,Puce,petrol,JTDKN3DP0E3908389
422,Saab,9-4X,2011,Maroon,petrol,JTHBE1D20E5245112
423,GMC,Sierra 3500,2011,Teal,petrol,5UXZV8C50BL803714
424,Volvo,V70,2008,Teal,diesel,1FMEU8DE1AU034000
425,Dodge,Ram 2500,2004,Pink,petrol,2C4RDGAG8CR100616
426,Chrysler,Sebring,1996,Blue,diesel,WAUTFAFHXAN678416
427,Bentley,Continental GTC,2009,Pink,diesel,KL4CJGSB0DB480711
428,Lamborghini,Diablo,1999,Turquoise,diesel,1GD311CG3FZ007579
429,Ford,Probe,1996,Mauv,diesel,1GYFC43569R031904
430,Mitsubishi,Eclipse,2004,Khaki,petrol,5UXWY3C57F0389576
431,Mazda,Familia,1985,Maroon,petrol,WAUR4AFD8DN286522
432,Acura,TSX,2009,Red,petrol,5GADV23W07D417492
433,Toyota,Avalon,2003,Purple,petrol,WBADX1C50CE011546
434,GMC,Sierra,2009,Khaki,petrol,WA1CFAFP9DA580848
435,BMW,M5,2008,Teal,petrol,3VW8S7AT2FM638834
436,Pontiac,Trans Sport,1997,Turquoise,petrol,19UUA65624A416731
437,Ford,F-Series,1993,Indigo,petrol,1FTNS2EW3AD285079
438,Cadillac,DeVille,2001,Maroon,diesel,WBAWL7C5XAP946601
439,Lamborghini,Gallardo,2004,Indigo,petrol,5GALRCEDXAJ172629
440,Kia,Spectra,2005,Mauv,petrol,WAUTFAFH8BN603361
441,Mitsubishi,Truck,1987,Pink,petrol,3VWML7AJ9DM568904
442,Oldsmobile,88,1994,Aquamarine,diesel,WBAFV3C59ED841235
443,Spyker,C8,2007,Green,petrol,KMHFC4DDXAA046092
444,Audi,riolet,1996,Aquamarine,petrol,1N6AF0LX2FN604203
445,Ford,Expedition,2012,Yellow,petrol,KMHTC6AD1EU530109
446,Mitsubishi,Galant,2005,Green,diesel,3D4PG9FG6BT407784
447,Plymouth,Horizon,1978,Red,diesel,WAULT68E42A051387
448,Pontiac,Tempest,1961,Blue,diesel,3D7TP2CT4AG309595
449,GMC,Savana 2500,2008,Goldenrod,petrol,4T3BA3BB4DU817852
450,Volkswagen,New Beetle,2009,Maroon,diesel,3D7TT2CT6BG422803
451,Isuzu,Rodeo,1999,Aquamarine,diesel,1G4HK5E99AU337001
452,Mercury,Mountaineer,1997,Red,petrol,JM1NC2JF4D0177975
453,Lexus,ES,2007,Goldenrod,diesel,KMHFC4DF6BA926385
454,BMW,Z3,2001,Maroon,diesel,JTHBE5C24C5428986
455,Maserati,Spyder,1989,Green,diesel,WAUKD98PX7A341927
456,Mitsubishi,Lancer,2012,Blue,diesel,5TDBKRFH6ES921874
457,Chevrolet,Aveo,2010,Orange,petrol,WAUVT68E42A713641
458,Ford,Explorer Sport Trac,2010,Maroon,diesel,19UYA42751A411957
459,Land Rover,Defender,1994,Mauv,petrol,WAUAF48H58K703630
460,Hyundai,Tucson,2010,Purple,diesel,WBAKB8C53AC970057
461,Ford,F350,2002,Maroon,petrol,WA1LGAFE8CD282557
462,Volkswagen,Fox,1992,Mauv,diesel,WBAAZ33463P498076
463,Dodge,Ram Wagon B250,1993,Turquoise,petrol,JN1AZ4FH2FM001878
464,Lotus,Elan,1992,Khaki,petrol,JTDJTUD31ED577448
465,Mercury,Sable,1999,Red,diesel,1FADP5AU8FL762811
466,Subaru,Outback,2005,Maroon,diesel,JTHKD5BH4F2848648
467,Volkswagen,Golf,1984,Teal,petrol,3VW1K7AJXDM343462
468,Pontiac,Vibe,2004,Turquoise,diesel,1FTEX1C8XAF630516
469,BMW,3 Series,1994,Mauv,diesel,JN8AZ2NC7F9697913
470,Subaru,Forester,2002,Aquamarine,petrol,WBAPH7C52AE665023
471,Volkswagen,Golf,1995,Purple,petrol,KNDKG3A29A7590536
472,Chevrolet,Camaro,1979,Violet,diesel,5UXFB53505L051334
473,GMC,Canyon,2005,Purple,diesel,TRUSC28N411148410
474,Mercedes-Benz,SL-Class,1994,Pink,petrol,1FTEW1CW4AF902205
475,Toyota,Highlander,2007,Puce,petrol,2G4WS52J221434060
476,GMC,Savana 2500,2000,Teal,diesel,VNKJTUD3XFA295710
477,Lincoln,MKX,2011,Maroon,diesel,WBAVA33548F007020
478,Toyota,Supra,1994,Violet,petrol,5NPDH4AE1FH694284
479,Audi,A4,2007,Teal,petrol,JTMHY7AJXA5188851
480,GMC,Suburban 2500,1992,Turquoise,diesel,3D73Y3CL5AG746170
481,Oldsmobile,Bravada,1994,Indigo,diesel,1N6AA0CA1DN767058
482,Audi,Coupe GT,1986,Violet,diesel,SAJWA1CB9BL216555
483,Honda,Accord,2007,Fuscia,diesel,SCBLC37F06C793858
484,GMC,Yukon XL 2500,2000,Blue,petrol,SCBBB7ZH3CC318253
485,Plymouth,Roadrunner,1969,Crimson,diesel,WAUKF98P09A445324
486,Cadillac,SRX,2004,Pink,petrol,1G6AS5SX5E0506231
487,Pontiac,Bonneville,1994,Yellow,petrol,1G6AL5SX9E0242038
488,Chrysler,Concorde,2003,Maroon,diesel,1G6DL1E3XD0923497
489,Cadillac,Escalade,2012,Turquoise,petrol,WDDHF7GB3EA331907
490,Toyota,Land Cruiser,2003,Indigo,diesel,3D7TP2CT5BG680458
491,Dodge,Stratus,2003,Turquoise,diesel,JM1CW2BL2D0145786
492,Nissan,Sentra,2000,Khaki,petrol,3D73Y4CLXAG542776
493,Geo,Tracker,1995,Blue,diesel,WBS3C9C58FJ890565
494,GMC,Sierra 3500HD,2006,Violet,petrol,5UXFG2C56DL227267
495,Audi,TT,2000,Violet,petrol,WDDJK7DA3EF128253
496,Volvo,XC60,2009,Goldenrod,diesel,JH4DC53013C725464
497,Hyundai,Santa Fe,2008,Goldenrod,petrol,KL4CJCSB0FB721095
498,Dodge,Charger,1999,Indigo,diesel,WBADX1C55CE176928
499,Hummer,H1,2003,Pink,diesel,1G6DL5E37C0344103
500,Audi,A6,1995,Teal,petrol,3LNHL2GC5AR438905
501,Toyota,RAV4,2002,Fuscia,petrol,1C4PJLAB7FW099189
502,GMC,2500,1997,Pink,diesel,1GYS3KEF4ER039700
503,GMC,Suburban 2500,1994,Fuscia,petrol,2C3CCAJG2DH175409
504,Lincoln,Town Car,2000,Crimson,diesel,WBSKG9C56BE882872
505,Suzuki,XL7,2006,Purple,petrol,1N6AF0LY7FN159093
506,GMC,Savana 3500,2004,Maroon,diesel,2HNYD2H45CH554753
507,Toyota,Paseo,1993,Orange,petrol,5XYZG3AB4BG097589
508,Chevrolet,Monte Carlo,2005,Pink,petrol,SCBLE47K98C405798
509,Aston Martin,Virage,2011,Red,petrol,19UUB3F51FA618450
510,Volkswagen,Jetta,2012,Khaki,diesel,1FTEW1C84AF269917
511,Lamborghini,Murciélago,2010,Teal,diesel,2B3CK2CV9AH979364
512,Volvo,XC70,2005,Red,petrol,5LMCJ1A97FU089542
513,Dodge,Nitro,2008,Teal,diesel,2T1KE4EE3AC985200
514,Mercury,Cougar,2002,Violet,petrol,1FTEW1C84FK097581
515,GMC,Terrain,2012,Maroon,petrol,2HNYD2H88DH780466
516,Suzuki,Grand Vitara,2007,Maroon,petrol,JN8AE2KP3F9840830
517,Saturn,Outlook,2008,Crimson,petrol,JM1DE1HY8B0185565
518,Kia,Carens,2009,Yellow,petrol,2C4RDGCG0ER346611
519,Mitsubishi,L300,1988,Yellow,petrol,JTJYWRBZ8F2501665
520,Rolls-Royce,Phantom,2011,Red,petrol,2G4WD552X71979042
521,Chevrolet,Colorado,2007,Crimson,diesel,WAUXL68E75A220128
522,GMC,Suburban 1500,1993,Green,petrol,WBAWB73567P974522
523,Toyota,Camry,1997,Purple,petrol,JM1NC2EF0A0656433
524,Hummer,H2 SUV,2006,Crimson,petrol,WBAUC9C56CV542194
525,Porsche,928,1988,Purple,petrol,WAUJC68E54A967781
526,Buick,Rendezvous,2002,Aquamarine,diesel,WA1CKAFP1AA453342
527,Volvo,XC70,2006,Khaki,diesel,KMHHT6KD3CU609296
528,Mercury,Cougar,1994,Red,petrol,WBA3B9C51DF532053
529,Pontiac,Parisienne,1986,Yellow,diesel,WP0AA2A93ES620900
530,Mercedes-Benz,SLR McLaren,2007,Maroon,diesel,WAUPEBFM1CA324902
531,Infiniti,Q,1995,Blue,diesel,5YMGY0C55CL804609
532,Land Rover,LR2,2008,Puce,petrol,WBAPH7G58AN752788
533,Honda,Pilot,2003,Mauv,petrol,1GYS4KEF8ER288532
534,GMC,Sierra 2500,2004,Fuscia,petrol,3CZRE3H31BG833792
535,GMC,Safari,1999,Turquoise,diesel,5N1CR2MM6EC839857
536,Mitsubishi,Chariot,1994,Turquoise,petrol,WAUAF78E27A075067
537,Buick,Roadmaster,1992,Turquoise,diesel,WBAUU3C52BA365319
538,Ford,Econoline E150,1998,Indigo,diesel,WBANV93568C842285
539,BMW,3 Series,1998,Yellow,petrol,1C4SDJETXCC309564
540,Kia,Rio,2004,Orange,petrol,JN1CV6FEXCM953187
541,Pontiac,Grand Prix,1981,Puce,diesel,1HGCP2E72BA094598
542,Cadillac,DeVille,1994,Turquoise,petrol,5UXFG83558L619486
543,Chevrolet,S10,1995,Mauv,diesel,WDDLJ9BB2FA041977
544,GMC,Envoy,1999,Blue,petrol,3D73M4EL2BG759359
545,Ford,Transit Connect,2012,Puce,diesel,KMHFC4DF6AA226719
546,Ford,E-Series,1992,Goldenrod,petrol,1GYS4DEF5ER919345
547,Pontiac,6000,1986,Turquoise,diesel,WAU3MAFDXFN863737
548,Subaru,Impreza WRX,2010,Violet,diesel,WA1CFAFP9EA023973
549,Ford,Aerostar,1991,Puce,diesel,JN8AZ1MU9AW995880
550,Mercury,Cougar,1994,Purple,petrol,WAUVFAFH0AN021522
551,Eagle,Summit,1994,Indigo,petrol,WUAAU34269N176303
552,Alfa Romeo,164,1995,Green,diesel,KMHGH4JH2FU934628
553,Chrysler,PT Cruiser,2002,Blue,diesel,5J8TB4H38DL238861
554,Infiniti,QX,2009,Puce,petrol,WBA3B9G5XEN035827
555,Ford,Taurus,2003,Violet,diesel,5FNRL5H24FB516681
556,Ford,EXP,1988,Blue,diesel,1GYS3CEF9ER442464
557,Toyota,Celica,1996,Orange,diesel,1G6DC1E35C0693575
558,BMW,745,2004,Mauv,petrol,WAUBFCFL7CN593273
559,Mercury,Grand Marquis,1997,Yellow,diesel,1C6RD7NT4CS932824
560,Chevrolet,Cavalier,2002,Turquoise,diesel,1G6DD8E32E0663782
561,Pontiac,Sunbird,1983,Maroon,diesel,2B3CA5CT1AH981385
562,Volvo,C30,2009,Indigo,petrol,5FPYK1F26BB410938
563,Ford,F-Series,1989,Fuscia,diesel,1GYS3FEJ4BR407638
564,Mazda,626,1997,Maroon,diesel,KNAGM4AD5E5151936
565,Lotus,Elan,1994,Khaki,petrol,1C3CDZAB7DN375175
566,Jaguar,XJ Series,1999,Indigo,diesel,SALWG2VF3FA770316
567,GMC,1500 Club Coupe,1995,Aquamarine,petrol,1D7CW3GK6AS949911
568,Lamborghini,Gallardo,2006,Goldenrod,diesel,TRUTC28N531612439
569,Infiniti,G,2009,Aquamarine,diesel,1FTWW3A52AE020529
570,Chevrolet,Astro,2000,Goldenrod,diesel,WA1EY74L48D628752
571,Mercedes-Benz,CLK-Class,2003,Yellow,petrol,5GADX33L36D067733
572,Mercury,Sable,2004,Red,petrol,JM1CW2BL6F0894612
573,Mitsubishi,Pajero,1985,Puce,diesel,WAUBC48H25K268882
574,Suzuki,Swift,1998,Puce,petrol,WVGFF9BP0BD781519
575,Lexus,IS,2009,Violet,diesel,SCBBR53W168762794
576,Ford,Windstar,1995,Mauv,petrol,WBAUU3C58BA820254
577,Audi,S4,2013,Teal,petrol,2C3CCAJG5DH449637
578,Lexus,LX,2004,Red,petrol,2G4WD582X81186336
579,Ford,F-Series Super Duty,2011,Orange,petrol,1GYUCFEJ4AR575285
580,Volkswagen,GTI,1985,Fuscia,diesel,SCFAD02E59G093041
581,Ford,Escort,1997,Green,petrol,1G6KD54Y04U156048
582,Volkswagen,Tiguan,2009,Puce,petrol,KMHHT6KD5DU386941
583,BMW,545,2005,Blue,petrol,WBANW13559C573731
584,Buick,LeSabre,1992,Green,petrol,JTDZN3EU8EJ144600
585,Audi,A4,2006,Blue,diesel,WA1CFAFP2EA774705
586,Saab,900,1987,Purple,petrol,2GKALMEK5E6159046
587,Maserati,GranTurismo,2012,Violet,diesel,WAUSH74F78N080448
588,Cadillac,Eldorado,1993,Teal,petrol,WBAPH7C52AA833685
589,Chevrolet,Monte Carlo,1999,Maroon,diesel,5FRYD4H21GB943027
590,Mitsubishi,Pajero,1987,Turquoise,diesel,TRUSC28N711067563
591,Ford,Focus,2000,Pink,petrol,3N1AB6AP4BL973825
592,Lincoln,Navigator,2005,Turquoise,diesel,2HNYD2H4XDH600207
593,GMC,Acadia,2012,Green,petrol,JN8AF5MR9ET659827
594,Cadillac,Fleetwood,1995,Indigo,diesel,1G6AC5SX9E0458696
595,Nissan,GT-R,2009,Khaki,diesel,WAUVC68E94A602683
596,Ford,Freestyle,2007,Mauv,diesel,WA1CGCFE1BD794736
597,Volkswagen,rio,1999,Purple,petrol,WBASN0C53DD893357
598,Lexus,ES,2011,Green,diesel,19UUA765X8A520840
599,GMC,Savana 1500,2008,Mauv,petrol,WBABS33412J060771
600,GMC,Savana 3500,2005,Purple,petrol,1GYS3UKJ9FR224296
601,Saab,9-2X,2006,Green,diesel,1D7RV1GT5BS553237
602,GMC,Vandura 1500,1992,Orange,petrol,1GYUKHEF6AR276147
603,Nissan,Altima,2005,Khaki,petrol,JH4DC54845S321202
604,Honda,Accord,1996,Orange,petrol,1FM5K7B86DG970436
605,Toyota,Corolla,2005,Maroon,diesel,1G6AP5SX5E0162174
606,Saab,900,1984,Violet,petrol,1N4AL2AP0CC239365
607,BMW,M5,2010,Yellow,diesel,3VW507AT8FM314070
608,Ford,Festiva,1992,Mauv,petrol,WVGAV7AX8BW952198
609,Isuzu,Rodeo,1994,Khaki,petrol,WAUAC48H14K452804
610,Mitsubishi,Pajero,1989,Pink,diesel,WBA3B1C59DF682817
611,Toyota,Matrix,2008,Goldenrod,diesel,4T1BK3DB3BU240456
612,Chevrolet,Tahoe,1995,Fuscia,diesel,1GYFC33289R428059
613,Jeep,Grand Cherokee,1999,Blue,petrol,WAUDT48H25K869945
614,Pontiac,6000,1987,Fuscia,petrol,WAUEFAFL9CA136005
615,Pontiac,GTO,1967,Puce,petrol,3C3CFFBRXFT096326
616,Dodge,Durango,1998,Indigo,diesel,2T1KE4EE9CC706982
617,Pontiac,Grand Prix,1977,Khaki,diesel,1GD02ZCG4CF569633
618,Mazda,Mazda3,2012,Crimson,diesel,WBANN73506C064227
619,Toyota,RAV4,2009,Pink,petrol,JH4DC53013S549702
620,Ford,Crown Victoria,1994,Puce,petrol,1FBNE3BL0DD501146
621,Chevrolet,Suburban 2500,2006,Crimson,diesel,WAUJT58E82A875345
622,Subaru,Legacy,2003,Maroon,diesel,WAUNF78P57A743396
623,Mercury,Sable,1991,Goldenrod,petrol,WBAWB73537P161560
624,Volkswagen,GTI,1986,Orange,petrol,3D4PG5FV4AT718233
625,BMW,X5,2010,Yellow,petrol,WAUUFAFH0DN275067
626,Porsche,911,1995,Teal,diesel,2FMGK5DC0AB026391
627,Lotus,Exige,2008,Red,diesel,WBA3R5C55EF000682
628,Ford,Crown Victoria,2001,Crimson,petrol,WDDHF7GB0FB897924
629,Buick,Riviera,1987,Puce,diesel,2B3CK5CT5AH987185
630,Buick,Verano,2012,Mauv,petrol,KL4CJGSB5DB566788
631,Mercury,Marquis,1985,Orange,diesel,5GAEV13798J209699
632,Buick,Regal,1991,Khaki,petrol,WA1DGBFPXDA872953
633,Ford,Focus,2005,Mauv,petrol,WBAUN1C50BV220838
634,Volkswagen,Golf,1976,Orange,petrol,2GKALMEK9D6937279
635,Subaru,BRZ,2013,Red,petrol,1GYS4HEF9ER528707
636,Ford,Taurus,1988,Teal,diesel,5TDDK4CC0AS925191
637,Mitsubishi,Galant,2003,Khaki,diesel,5J6TF2H59FL333483
638,Ford,Probe,1996,Turquoise,petrol,1G6KF57924U178437
639,Ford,Tempo,1991,Goldenrod,diesel,2C4RDGEG9CR503126
640,BMW,M3,2003,Indigo,diesel,SCFEDCAD3BG092214
641,Ford,Crown Victoria,1996,Aquamarine,diesel,2T2BK1BA3DC669479
642,Mercury,Grand Marquis,2000,Blue,diesel,JTDBT4K35B1283779
643,Mazda,323,1995,Puce,diesel,WAUDG98E85A517997
644,GMC,Sierra,2010,Teal,diesel,5GNRNHEEXA8112058
645,Porsche,Boxster,2003,Green,diesel,2B3CA3CV1AH512447
646,BMW,7 Series,2008,Purple,diesel,WBAEP33403P125137
647,Infiniti,JX,2013,Crimson,diesel,1N6AF0LY8EN400173
648,BMW,5 Series,2004,Turquoise,petrol,WBSBR93436P846763
649,Toyota,Camry,1996,Puce,petrol,WBANF73527C324836
650,BMW,6 Series,2010,Purple,petrol,JH4KA96544C452422
651,GMC,3500,1998,Purple,petrol,WAUKFBFLXEA126272
652,Chevrolet,Corvette,1961,Aquamarine,petrol,3VWJP7AT9CM030579
653,Volkswagen,Type 2,1986,Violet,diesel,1FMCU0F7XFU014035
654,Dodge,Ram 1500,1998,Orange,petrol,SCBLF44J87C163576
655,Chevrolet,SSR,2005,Pink,diesel,JN8AF5MR8BT756125
656,Mazda,B-Series,1997,Turquoise,diesel,WAUJGAFC6DN728113
657,Mazda,B-Series,1992,Aquamarine,petrol,WAUVVAFR5AA627286
658,Toyota,Matrix,2008,Mauv,diesel,1GYUCKEF8AR401871
659,Honda,Civic,1994,Puce,diesel,JH4KA96554C625090
660,BMW,M,2001,Pink,diesel,WVWAA7AH2BV611622
661,Eagle,Vision,1994,Indigo,diesel,WBAVC53557A813157
662,Porsche,944,1983,Goldenrod,petrol,JTHBW1GG3E2648796
663,Bentley,Mulsanne,2012,Purple,diesel,1G6DN57UX60213381
664,GMC,Sierra 1500,2001,Violet,petrol,3C6TD5CT9CG733000
665,Kia,Optima,2011,Teal,diesel,YV1902MD1F1935959
666,Chevrolet,Equinox,2007,Green,diesel,WAUEFAFLXBA621719
667,Bentley,Continental GTC,2007,Red,diesel,JH4DB75591S146507
668,Pontiac,Montana,2002,Pink,diesel,JN1BY1PR3FM146232
669,Jaguar,XJ,2011,Pink,diesel,WA1CV94LX9D630096
670,Toyota,Avalon,2012,Orange,diesel,WBADT33403G215685
671,Mitsubishi,Galant,2009,Puce,diesel,WBALL5C51EJ269356
672,Dodge,Dakota Club,1998,Puce,petrol,WAUHF78P59A055303
673,Honda,Accord,1986,Indigo,diesel,WAUDF98E78A046724
674,Hyundai,Tiburon,2004,Indigo,diesel,WAUVC68E95A386495
675,Lamborghini,Murciélago,2004,Green,petrol,2C3CCAGG8EH066154
676,Jeep,Grand Cherokee,2008,Fuscia,petrol,3C63DPMLXCG637631
677,Volvo,S80,2009,Orange,diesel,JN1AZ4EH2BM925524
678,BMW,5 Series,2004,Turquoise,diesel,3VW517AT7FM619816
679,Honda,Pilot,2012,Goldenrod,diesel,WP0CB2A83FS157915
680,Aston Martin,V8 Vantage,2010,Orange,diesel,JH4CL958X4C702241
681,BMW,530,2003,Fuscia,diesel,1FAHP2D85FG823894
682,Maserati,430,1989,Teal,diesel,3FA6P0SU4FR976545
683,Mitsubishi,Mirage,2001,Fuscia,diesel,WBSWL93558P022164
684,Spyker,C8,2006,Goldenrod,petrol,1GYS4JEF2BR380189
685,Oldsmobile,Intrigue,2001,Pink,petrol,3VW8S7AT1FM982705
686,Chevrolet,Corvette,1960,Purple,petrol,JTDKN3DUXA0418690
687,Toyota,4Runner,1995,Aquamarine,diesel,1G6DG8EGXA0277714
688,Chrysler,LeBaron,1995,Green,diesel,WAUGL68E05A089608
689,Land Rover,Defender,1995,Indigo,diesel,1G6DL5EY1B0955013
690,Mitsubishi,Diamante,1992,Puce,petrol,1FTEW1CF8FF072321
691,Chevrolet,Camaro,1971,Purple,diesel,JN8AZ1FY0DW374323
692,Toyota,T100,1997,Purple,petrol,WAUCD64B94N448405
693,Plymouth,Colt,1992,Crimson,diesel,5NPDH4AE5CH615422
694,Mercedes-Benz,G-Class,2011,Puce,petrol,2FMGK5BC9BB715334
695,Subaru,Outback,2012,Red,petrol,JN1CV6EK5DM244613
696,Hyundai,Tucson,2005,Maroon,petrol,WAUEF98E78A692110
697,Cadillac,DeVille,2002,Indigo,petrol,1G4GE5ED8BF229904
698,Chevrolet,S10,1995,Crimson,diesel,WAUMF68P36A270053
699,Oldsmobile,Bravada,1992,Puce,petrol,KMHTC6AD8DU839557
700,BMW,Z3,2001,Orange,petrol,1G6KD57Y16U473156
701,Toyota,Sienna,2010,Maroon,diesel,1VWAP7A33EC222228
702,Audi,S6,2003,Teal,diesel,WP0AB2A81FK789755
703,Mercedes-Benz,S-Class,2011,Yellow,diesel,WBA4A9C56FD423884
704,GMC,Savana 3500,2003,Yellow,diesel,JM1BL1H38A1729931
705,Hummer,H1,1999,Green,petrol,5NPEB4AC0BH202262
706,Maserati,430,1991,Violet,petrol,1C4RDJEG8CC461540
707,Lexus,GX,2009,Goldenrod,petrol,JH4CU2E89CC255100
708,Lexus,ES,1992,Mauv,diesel,3VWML7AJ2CM874325
709,Ford,Club Wagon,1993,Red,diesel,WA1C8BFP4FA560767
710,Audi,S6,2009,Puce,diesel,YV4902DZXB2840772
711,Hyundai,Accent,1995,Pink,petrol,1G4CW54K434397192
712,Volkswagen,Cabriolet,2001,Maroon,diesel,WUATNAFG8BN142856
713,GMC,Envoy,2007,Goldenrod,diesel,1G6AT5SX0E0308623
714,GMC,3500 Club Coupe,1993,Aquamarine,petrol,WP0CA2A87CS691773
715,Ford,Flex,2010,Fuscia,diesel,WAUAC48H03K396076
716,Mercury,Tracer,1994,Khaki,petrol,JH4DC54833C321960
717,Mitsubishi,Lancer,2010,Yellow,petrol,WAUXU64B22N670315
718,Ford,E-Series,1996,Mauv,petrol,1N4AL3AP0EC520526
719,Lexus,LS Hybrid,2011,Red,petrol,WA1CYAFE4AD756644
720,Hummer,H1,2006,Mauv,diesel,WBA3V7C56F5535289
721,Ford,Explorer,2002,Indigo,petrol,1GKKRNED9EJ141629
722,Bentley,Arnage,2005,Maroon,diesel,WAULC58EX4A439687
723,Mercedes-Benz,500SEL,1993,Teal,petrol,SCBLC47J97C198423
724,Acura,Legend,1994,Khaki,diesel,1G6DH5E54C0487786
725,Mitsubishi,Lancer,2004,Pink,petrol,1C6RD7FP4CS141498
726,BMW,Z8,2002,Green,diesel,JH4DC54835S803434
727,Suzuki,Swift,1993,Violet,petrol,1G4HR54K934718494
728,Buick,Regal,1988,Indigo,petrol,WAUCFAFR1BA819648
729,Isuzu,Impulse,1992,Green,diesel,WAUBNBFB3AN833937
730,Mitsubishi,Cordia,1984,Pink,diesel,WVWDB7AJ0EW898339
731,Hyundai,Elantra,1996,Purple,petrol,3G5DA03L17S863615
732,Toyota,Solara,2005,Teal,diesel,WA1CMAFP5EA027881
733,Buick,Century,2001,Turquoise,diesel,SAJWA0ES0EP487363
734,GMC,Canyon,2009,Red,petrol,1FTEX1C80AK116424
735,Ford,Mustang,2009,Pink,diesel,5GAKRBKD5EJ526878
736,Ford,Contour,1999,Red,diesel,5J8TB4H32GL256521
737,Mercedes-Benz,M-Class,1999,Khaki,petrol,WAUUFAFH1DN821763
738,Chevrolet,Astro,2001,Maroon,petrol,3D4PG3FGXBT157978
739,Chrysler,300,2005,Goldenrod,diesel,3D7TT2CT3AG584628
740,Lexus,SC,2007,Indigo,petrol,1G6AY5S31F0753808
741,Daihatsu,Rocky,1992,Maroon,petrol,5GADV33177D585124
742,Lexus,LX,2006,Goldenrod,diesel,KL4CJBSB1EB648733
743,Subaru,Outback,2006,Purple,petrol,WAUWFAFH3DN625798
744,Mitsubishi,Expo,1995,Pink,petrol,5UXFA13536L465401
745,Suzuki,Grand Vitara,2003,Green,diesel,JN1AZ4EH1CM318662
746,Ram,C/V,2012,Khaki,diesel,ML32A3HJ9EH121898
747,Cadillac,DeVille,1994,Maroon,petrol,ZFBCFACH8FZ633517
748,Chevrolet,Camaro,1996,Mauv,diesel,1FTWX3D51AE172097
749,Ford,Ranger,2003,Purple,diesel,1FTEW1CM5EF323423
750,Mitsubishi,Galant,2003,Indigo,diesel,JN1CV6FE2DM813264
751,Cadillac,DeVille,2003,Red,petrol,WA1GFCFS0FR168808
752,Ford,Expedition,2003,Crimson,diesel,3D4PH5FV3AT923703
753,Audi,A8,2005,Orange,diesel,3N6CM0KN1DK128995
754,Honda,S2000,2009,Fuscia,petrol,WBAAN37411N855842
755,Lotus,Exige,2004,Maroon,diesel,1GYFK23289R397229
756,Chevrolet,Express 3500,1997,Goldenrod,diesel,1FTWW3B59AE434048
757,Lotus,Elise,2008,Mauv,petrol,WAUFFAFL3EN028415
758,Kia,Rio,2011,Khaki,diesel,WAU3VAFR1CA479440
759,Ford,Explorer,1999,Purple,diesel,2HNYD28668H267169
760,Subaru,Legacy,1996,Fuscia,diesel,3C3CFFAR6FT601960
761,Mercedes-Benz,G-Class,2008,Crimson,petrol,JN8AZ1MU3CW466508
762,BMW,7 Series,2011,Fuscia,petrol,WBABD33494J172702
763,Subaru,Baja,2005,Maroon,diesel,WDCYC3HF5EX241131
764,Chevrolet,Camaro,1992,Puce,petrol,2G4WC582781884437
765,Buick,Reatta,1989,Red,diesel,JTEBC3EH9C2896903
766,Hyundai,Scoupe,1993,Maroon,petrol,1GD020CGXCF228474
767,Ford,Focus,2011,Puce,diesel,3VWPG3AG6AM639843
768,Chevrolet,Cobalt,2009,Maroon,diesel,4T1BD1FK4EU774209
769,Ford,Contour,2000,Green,petrol,2C4JDGAG3CR802730
770,Nissan,Rogue,2010,Pink,diesel,4T1BF1FK0CU411946
771,Dodge,Dakota,1999,Puce,petrol,SALAB2D41DA517114
772,Chrysler,Crossfire,2004,Khaki,diesel,WBADS33471G207261
773,Suzuki,Grand Vitara,2001,Pink,petrol,JTEBU5JR1A5017400
774,BMW,3 Series,2004,Aquamarine,petrol,WAUNF98P97A723938
775,Chevrolet,Corvette,1973,Maroon,petrol,WAUGFAFR3AA305011
776,Buick,Century,2004,Violet,petrol,4T1BF1FK7FU972522
777,Lincoln,MKX,2008,Orange,diesel,JN8AE2KP8D9021700
778,Infiniti,G37,2011,Yellow,diesel,WUARL48H07K865309
779,Jeep,Grand Cherokee,1993,Mauv,petrol,1G6DX67D070235004
780,Mitsubishi,Pajero,1995,Blue,petrol,WBY2Z2C51FV377433
781,Kia,Optima,2011,Puce,petrol,2HNYD28857H998935
782,Subaru,Legacy,1996,Violet,petrol,WBSDX9C58CE967903
783,Ford,EXP,1985,Puce,diesel,WAUDV94F17N294573
784,Mitsubishi,Montero Sport,2002,Fuscia,petrol,WBA3A9C51DF017105
785,Mazda,RX-8,2007,Green,diesel,JTDKTUD37ED755710
786,Volkswagen,New Beetle,2006,Mauv,diesel,1FTEW1CF4FK074154
787,GMC,Yukon,2001,Mauv,diesel,WAUBH78E66A952804
788,Buick,Electra,1984,Crimson,diesel,5N1AR1NB1AC589162
789,BMW,760,2005,Orange,petrol,JTDJTUD32DD844451
790,Mercedes-Benz,M-Class,2006,Puce,diesel,SCFBB03C49G703972
791,Oldsmobile,Toronado,1966,Purple,diesel,1FTSW3B51AE078192
792,Land Rover,Sterling,1991,Khaki,diesel,JHMFB4F25CS819338
793,Honda,Pilot,2004,Puce,diesel,WAUDGBFL5BA529710
794,Mazda,B-Series Plus,1999,Teal,petrol,5UXXW3C53F0829206
795,Hyundai,Accent,2011,Maroon,diesel,WAUEFAFL9DA773560
796,Mitsubishi,Galant,1989,Purple,petrol,WP1AA2AP2AL100850
797,Nissan,Armada,2010,Aquamarine,diesel,WAUKH78E38A085753
798,Mercedes-Benz,R-Class,2009,Aquamarine,petrol,ZHWGU5BR3EL255119
799,Land Rover,Range Rover Evoque,2012,Pink,petrol,3GYEK63N53G767783
800,Lamborghini,Gallardo,2010,Puce,petrol,1G6DM5E3XD0079997
801,Maybach,57,2012,Fuscia,petrol,WAUGL58E75A117611
802,Ford,Galaxie,1966,Turquoise,diesel,19UUA75538A461521
803,Honda,Civic,1993,Fuscia,petrol,KMHHT6KD0EU584411
804,Toyota,Sienna,2011,Khaki,diesel,19XFB4F3XEE073811
805,Kia,Mohave/Borrego,2009,Puce,diesel,JTDKN3DU8A0086247
806,Mitsubishi,Outlander,2009,Violet,petrol,JH4CU26629C076984
807,Chevrolet,Aveo,2005,Orange,diesel,KL4CJDSB9DB064252
808,Chevrolet,Prizm,2002,Indigo,diesel,5J8TB2H56CA262480
809,Lincoln,Continental,1984,Turquoise,petrol,5GAKRBED2CJ300578
810,Infiniti,Q,2001,Yellow,petrol,JTEBW3EH5A2362351
811,BMW,600,1958,Green,diesel,1GYS3FEJ8CR959595
812,Ford,Econoline E150,1992,Red,petrol,JN1BJ0HP5EM489490
813,Mitsubishi,Truck,1994,Green,petrol,5GADT13S042381727
814,Ford,Excursion,2001,Pink,diesel,KMHTC6AD1CU320946
815,Mazda,626,1990,Puce,diesel,SCBBR9ZA0BC549989
816,Mazda,MPV,1995,Aquamarine,petrol,1LNHL9DR4CG716673
817,Oldsmobile,Bravada,2002,Goldenrod,diesel,VNKJTUD30FA297708
818,Chevrolet,Tracker,1999,Indigo,diesel,SCFBF04B07G294442
819,GMC,1500 Club Coupe,1996,Blue,petrol,JH4DC538X3S568268
820,Honda,Fit,2008,Indigo,petrol,WAUKF98E85A185022
821,Audi,A6,1995,Puce,diesel,WBAYA8C54FG759043
822,Cadillac,Escalade,2008,Pink,diesel,1N6AA0CH4EN093020
823,Suzuki,Aerio,2005,Orange,petrol,4T1BD1FK1EU989109
824,Toyota,Sienna,1999,Khaki,petrol,WAUWFAFR4CA426385
825,Isuzu,i-Series,2008,Puce,diesel,1FTEX1CM7BK958157
826,Audi,A8,2000,Puce,diesel,2C3CDYCJXEH454509
827,Austin,Mini Cooper,1964,Pink,petrol,WBADT53452C947702
828,Cadillac,Seville,1995,Purple,petrol,WVGAV3AX9DW893478
829,Land Rover,Range Rover,1993,Indigo,diesel,WAUDH98E38A405349
830,Volkswagen,Fox,1991,Purple,diesel,5N1AL0MM9FC020212
831,Ford,F150,2002,Teal,petrol,1GYS3DEF6CR560913
832,Mercedes-Benz,300SE,1993,Crimson,petrol,2C3CDZAT6FH414293
833,Pontiac,Grand Prix,1972,Orange,diesel,WAUXL68E14A656892
834,Audi,A6,2005,Aquamarine,diesel,4T1BF1FK1EU282375
835,Acura,CL,2003,Teal,petrol,WDCYC3HF5AX450668
836,Cadillac,Eldorado,1993,Violet,petrol,1FTSX2A5XAE920259
837,Chevrolet,Prizm,2000,Yellow,diesel,2G4WD582691004620
838,Nissan,Armada,2010,Aquamarine,petrol,3GYFK66N25G131759
839,Mercury,Villager,1993,Khaki,petrol,WAU4GAFB6AN919465
840,Lexus,GX,2012,Crimson,diesel,SCFAB01A06G358545
841,Chevrolet,Equinox,2008,Crimson,diesel,1HGCP2F34CA981763
842,BMW,745,2003,Yellow,diesel,5GAEV23778J311542
843,Pontiac,Bonneville,1986,Mauv,petrol,2C4JRGAG6ER903412
844,Isuzu,i-350,2006,Teal,diesel,5UXFE8C58AL094659
845,Chevrolet,Astro,2005,Yellow,petrol,WAUAG78E86A542827
846,Mazda,MX-5,1997,Purple,diesel,WBAPK7G51BN164203
847,GMC,Canyon,2011,Violet,diesel,YV4902DZ6B2612302
848,Pontiac,Vibe,2008,Khaki,petrol,1D7CE2GK0AS109541
849,Toyota,Solara,2005,Purple,petrol,WAUJFAFH9CN780168
850,Porsche,924,1988,Orange,petrol,WAUGL78E25A093049
851,Ford,F-Series Super Duty,2009,Fuscia,petrol,WA1CKBFP1AA123495
852,Ford,Explorer,2007,Orange,diesel,JTDKN3DP6E3644840
853,Ford,Taurus X,2008,Teal,diesel,SCBLF34F06C132780
854,Chevrolet,Silverado 1500,2011,Fuscia,petrol,SCBBR9ZA7DC252706
855,Ford,Crown Victoria,2009,Mauv,petrol,2T1BU4EEXDC125477
856,Mercury,Mountaineer,2003,Red,diesel,5UMBT93587L967584
857,Chevrolet,Express 3500,2001,Fuscia,petrol,JHMZF1C47BS379904
858,Chrysler,300,2011,Green,diesel,SCBZK22E71C237089
859,Nissan,350Z,2005,Aquamarine,diesel,3VW517AT2EM298976
860,Buick,Somerset,1986,Aquamarine,diesel,YV1672MK9B2136562
861,Pontiac,Grand Prix,1979,Teal,diesel,JTJBC1BA4E2885999
862,Ford,Probe,1994,Violet,diesel,JM3KE2BE7E0966021
863,Pontiac,Bonneville,1990,Blue,petrol,WDDNG7BB5AA586804
864,Chevrolet,Corvette,1969,Puce,diesel,1C4PJLAB6FW667884
865,Mitsubishi,Montero,2000,Yellow,diesel,1G6AZ5SXXF0954672
866,Volkswagen,Touareg,2010,Red,petrol,1D7RW2BK9AS888386
867,Toyota,Xtra,1992,Purple,petrol,WAUSH98E06A809696
868,Mercedes-Benz,S-Class,1991,Fuscia,diesel,WBSPM93539E035493
869,Chevrolet,Lumina,1999,Teal,diesel,5N1AT2MK4EC490138
870,Rolls-Royce,Phantom,2006,Pink,diesel,1G6DG1E35E0131618
871,BMW,5 Series,1997,Blue,diesel,WBABN53433J233016
872,Pontiac,Firebird Formula,1992,Turquoise,petrol,WAUEF78E98A645665
873,Lexus,SC,1998,Khaki,petrol,WAUMFAFL4DA153114
874,Toyota,Land Cruiser,2007,Fuscia,diesel,1VWAH7A38EC423958
875,Nissan,NV1500,2012,Maroon,diesel,2T1BU4EE4DC594659
876,Lincoln,MKZ,2012,Fuscia,petrol,4F2CY0C73AK019954
877,Ford,Ranger,2009,Red,diesel,TRUWT28N341282914
878,GMC,Sierra,2009,Teal,diesel,SALME1D40AA533377
879,Infiniti,G,1993,Mauv,diesel,1G6DC1E31C0157769
880,Infiniti,EX,2011,Teal,petrol,3C63DRHL9CG973549
881,Honda,Prelude,1997,Indigo,petrol,JHMFA3F29AS038154
882,Chevrolet,Express 2500,2009,Green,diesel,WAUFEAFM2CA462888
883,Toyota,Camry,1993,Khaki,diesel,1FTSX2B58AE215166
884,Hyundai,Santa Fe,2010,Maroon,diesel,5TFBY5F16AX014024
885,Porsche,911,1994,Teal,diesel,WBAEK13426C327198
886,Dodge,Caravan,1998,Purple,diesel,WAUPFAFMXBA041601
887,Ford,Probe,1990,Orange,petrol,WBAKG1C51CJ663509
888,Mazda,Navajo,1993,Indigo,diesel,WBA1K5C50FV927897
889,Ford,GT,2005,Turquoise,diesel,1D4RE3GGXBC334411
890,Buick,Park Avenue,2002,Red,diesel,WAUVC58E63A717749
891,Nissan,300ZX,1996,Goldenrod,petrol,JTEBU5JRXF5182031
892,Chevrolet,Equinox,2012,Aquamarine,petrol,WBABN334X2P863003
893,Chevrolet,Silverado 3500,2011,Red,diesel,WBADW3C53DE421693
894,Mazda,626,2002,Mauv,diesel,WAUSF98K49N908711
895,Volkswagen,Jetta,1984,Orange,petrol,5UXFG8C57BL787332
896,Chrysler,300,2010,Fuscia,diesel,5N1CR2MM4EC677212
897,Honda,Insight,2004,Purple,petrol,WBAEW534X4P394486
898,Ford,Escort,1997,Fuscia,diesel,SCBGH3ZA7FC786863
899,Subaru,Forester,2004,Maroon,petrol,1G6DW677560743819
900,Kia,Forte,2011,Khaki,petrol,WBAPK73579A247593
901,Ford,F350,2009,Red,diesel,JTHBK1GG7E2098739
902,Mercedes-Benz,G-Class,2002,Turquoise,diesel,1G6AJ5S36D0294325
903,Mazda,Mazda5,2006,Red,diesel,WAUSH78E38A771131
904,Mitsubishi,Montero,1993,Red,diesel,WAUAH78E56A723994
905,GMC,Savana 3500,2012,Blue,petrol,KMHTC6AD7FU622147
906,Oldsmobile,88,1997,Puce,petrol,WAUHE78P89A667739
907,Audi,A6,1998,Mauv,petrol,2B3CK5CTXAH097359
908,Lincoln,LS,2006,Blue,diesel,1FMCU9C79AK978414
909,Toyota,Land Cruiser,1994,Khaki,petrol,2T3BFREV8FW941152
910,Buick,LeSabre,1998,Yellow,petrol,WA1VGBFP5EA099945
911,Lexus,ES,2006,Teal,diesel,1GYFK56279R845683
912,Honda,Passport,2001,Purple,petrol,SCFAD06D19G570324
913,Subaru,Outback,2011,Mauv,petrol,JM1BL1K55B1888286
914,Toyota,Highlander,2012,Red,petrol,1G6DK8EV4A0182174
915,Chevrolet,S10,1994,Aquamarine,petrol,SCBBR53W16C884956
916,Chevrolet,Blazer,1999,Puce,petrol,JTHFE2C24C2822084
917,Nissan,Maxima,2012,Puce,diesel,5FNRL5H28CB056355
918,BMW,M3,1999,Orange,diesel,WBA3N3C55EF575378
919,Jaguar,XK Series,1997,Khaki,petrol,1FTNF2B52AE806836
920,Suzuki,Grand Vitara,2005,Mauv,diesel,5UXFG83518L361161
921,Ford,F150,2004,Crimson,diesel,SCFFBCCD4BG482472
922,Pontiac,G6,2005,Turquoise,diesel,WA1YD54B25N440466
923,Mercedes-Benz,S-Class,2010,Crimson,petrol,KMHFC4DD6BA358430
924,Ford,F-Series,1989,Fuscia,diesel,WAU2GBFC8DN514783
925,Dodge,Magnum,2006,Green,petrol,WAUGL58E95A822278
926,Land Rover,Discovery,1995,Indigo,diesel,SAJWA6E76E8732787
927,Saab,9-5,2002,Green,diesel,WA1FFCFSXFR534205
928,Mercedes-Benz,E-Class,2008,Khaki,diesel,JN1BY1AP6EM003538
929,GMC,Safari,2004,Maroon,petrol,WBAEN33492E746912
930,Mitsubishi,Mirage,1996,Puce,petrol,WBAEH73415C675963
931,Mercedes-Benz,E-Class,1999,Mauv,petrol,2C3CDXJG7DH974215
932,Mercury,Villager,1998,Red,diesel,1G6DL8EG5A0930543
933,Chrysler,300M,2001,Orange,petrol,1D7RW2GK6BS617697
934,Subaru,XT,1986,Teal,diesel,WAULC68E64A193730
935,Ford,E250,2010,Puce,diesel,19VDE1F50DE900625
936,BMW,Z4,2010,Khaki,diesel,KMHTC6AD6EU322680
937,Cadillac,STS,2008,Goldenrod,diesel,WBAGN83504D196555
938,Suzuki,XL7,2009,Crimson,diesel,1C3CCBCG4EN414597
939,Jeep,Cherokee,1995,Violet,petrol,JA32U1FU7AU551712
940,Dodge,D150 Club,1993,Yellow,diesel,1N4AB7AP7EN086314
941,Plymouth,Voyager,1995,Pink,diesel,WBALL5C51CJ866665
942,Buick,Skylark,1992,Indigo,diesel,WA1C8BFP5FA185911
943,Pontiac,Bonneville,1994,Orange,petrol,WP0AB2A8XCS647576
944,BMW,M Roadster,2006,Maroon,petrol,1FTKR1AD7AP211286
945,Jaguar,S-Type,2003,Indigo,diesel,WA1LGAFE1CD712476
946,Mercedes-Benz,E-Class,1989,Blue,petrol,JTHBL5EF0F1503586
947,Hyundai,Tiburon,2001,Blue,petrol,4T1BK1EB6FU235700
948,Volkswagen,CC,2009,Khaki,petrol,JM3TB2CA4F0202945
949,Land Rover,Discovery,2000,Goldenrod,diesel,WAUBH74F38N948073
950,Mazda,B-Series Plus,1998,Violet,petrol,WAUDG78E46A445671
951,Lexus,LX,2004,Turquoise,diesel,JN1CV6EK0AM525052
952,Bentley,Brooklands,2009,Teal,petrol,1G4HP54K22U509859
953,Chevrolet,Express 1500,1998,Crimson,diesel,WAUNF78P78A349397
954,Infiniti,QX,1998,Aquamarine,petrol,1B3CB9HA4AD009630
955,Kia,Amanti,2007,Khaki,diesel,3GYFNCE3XDS732645
956,Infiniti,QX,2004,Aquamarine,diesel,WBA3A5G54CN140517
957,Lincoln,Town Car,1994,Puce,petrol,2T1BURHE5FC193259
958,Audi,A4,2008,Red,petrol,WAUHF98P79A336904
959,Suzuki,Grand Vitara,2004,Goldenrod,diesel,WVGAV7AX6FW283208
960,Lexus,LX,2000,Teal,petrol,WAUKFBFL4CN089421
961,Volvo,S60,2002,Turquoise,petrol,1C4RDJDG0CC739591
962,Volvo,S80,2000,Red,diesel,1FTWX3A55AE971921
963,Audi,RS 4,2007,Green,petrol,WBAVD13536K476258
964,Pontiac,Grand Prix,1968,Turquoise,petrol,JM3TB2MA7A0076183
965,Audi,100,1994,Blue,petrol,WBACK73481L303426
966,Scion,tC,2010,Pink,petrol,1FTEX1CM6BK717948
967,Dodge,Stratus,2005,Puce,petrol,WBALX3C58CD334272
968,Lotus,Esprit,1995,Violet,diesel,2G61M5S39F9916464
969,Pontiac,Bonneville,1965,Indigo,diesel,1GT3CZBG9AF702948
970,Mercury,Villager,1998,Maroon,diesel,1GYS4GKJXFR261050
971,Dodge,Intrepid,1997,Blue,diesel,3D73Y4EL3AG850238
972,Infiniti,Q,1998,Violet,diesel,NM0KS9BN5CT644870
973,Mercedes-Benz,SL-Class,1998,Orange,diesel,WBAPH7C58BE789007
974,Buick,Park Avenue,2000,Purple,petrol,3VWAL7AJ6AM437363
975,Volkswagen,Passat,1985,Orange,petrol,WA1LGAFE9BD036485
976,BMW,X5,2012,Aquamarine,petrol,5BZAF0AA0EN172680
977,Ford,Econoline E150,1994,Aquamarine,petrol,WA1LFAFPXCA035790
978,Land Rover,Range Rover,2011,Khaki,diesel,1G4HP54K444472753
979,Honda,Civic,2006,Turquoise,diesel,5GALRCEDXAJ178897
980,Nissan,Cube,2010,Khaki,petrol,WBADS33422G335649
981,Chevrolet,Monte Carlo,2007,Pink,petrol,WDDUG7JB4EA617902
982,Chevrolet,2500,1996,Yellow,petrol,3C4PDCEG2ET304189
983,Pontiac,Montana SV6,2006,Purple,diesel,3D4PG3FG3BT294339
984,Lincoln,Continental,1991,Turquoise,petrol,WAUKH98EX7A591090
985,Jeep,Liberty,2007,Red,petrol,1G6DG8EY8B0336995
986,Pontiac,Turbo Firefly,1988,Maroon,petrol,WAUAC48HX4K195612
987,BMW,550,2006,Turquoise,petrol,YV1612FH1D2352640
988,Hyundai,Accent,2006,Teal,diesel,WAUDF58E55A776927
989,Ferrari,California,2010,Yellow,diesel,WBAFA53541L068102
990,Mitsubishi,Galant,2004,Pink,diesel,WAUVT68E74A358273
991,GMC,Sonoma,1996,Turquoise,diesel,KNAFX5A81F5151154
992,Honda,Civic,2005,Green,petrol,JN1CV6EK7BM499213
993,Dodge,Spirit,1995,Fuscia,diesel,5UXFG43529L583721
994,Saab,900,1992,Fuscia,diesel,2G4GL5EX7E9010235
995,Audi,A8,2002,Yellow,petrol,1G6DK8E37D0646674
996,Kia,Sephia,1997,Fuscia,diesel,JHMZE2H77ES804554
997,Ford,F150,2009,Purple,diesel,WP1AE2A23DL710270
998,Pontiac,Sunbird,1994,Violet,petrol,5UMDU93517L636416
999,Nissan,Sentra,2004,Crimson,diesel,JN1AZ4EH1FM970914
1000,Infiniti,G37,2010,Turquoise,diesel,KNDJN2A29F7115911
